{"type": "metrics", "dataset": "train", "precision": 0.9993642720915448, "balanced_accuracy": 0.9989551862154771, "recall": 0.9980952380952381, "f1_score": 0.9987293519695044}
{"type": "metrics", "dataset": "test", "precision": 0.648989898989899, "balanced_accuracy": 0.6727777358261595, "recall": 0.40451206715634835, "f1_score": 0.49838396897220427}
{"type": "cm_matrix", "dataset": "train", "true_0": {"predicted_0": 16225, "predicted_1": 3}, "true_1": {"predicted_0": 9, "predicted_1": 4716}}
{"type": "cm_matrix", "dataset": "test", "true_0": {"predicted_0": 6656, "predicted_1": 417}, "true_1": {"predicted_0": 1135, "predicted_1": 771}}
