{"type": "metrics", "dataset": "train", "precision": 0.9948491537895512, "balanced_accuracy": 0.9285593193813554, "recall": 0.8584126984126984, "f1_score": 0.9216087252897068}
{"type": "metrics", "dataset": "test", "precision": 0.6666666666666666, "balanced_accuracy": 0.6761394327392836, "recall": 0.40713536201469047, "f1_score": 0.5055374592833877}
{"type": "cm_matrix", "dataset": "train", "true_0": {"predicted_0": 16207, "predicted_1": 21}, "true_1": {"predicted_0": 669, "predicted_1": 4056}}
{"type": "cm_matrix", "dataset": "test", "true_0": {"predicted_0": 6685, "predicted_1": 388}, "true_1": {"predicted_0": 1130, "predicted_1": 776}}
